"Paper Title","Paper Link","Publication Year","Publication Type","Publication Title","Author Names","DOI","PDF Link","Abstract","TL;DR"
"Evidence for flexible navigation strategies during spatial learning involving path choices","https://scispace.com/paper/evidence-for-flexible-navigation-strategies-during-spatial-3wwihd8l0a","2022","Dataset","","Stephanie Doner
Jingyi Zheng
Andrew S. McAvan
Michael J. Starrett
Hannah Campbell
Delaney Sanders
Arne D. Ekstrom","10.6084/m9.figshare.21731288","","In a classic study in 1946, Tolman et al. found that rodents chose the optimal path to a hidden goal location when given the option to take a shortcut. Subsequent studies, though, found mixed results, including a previous study in humans showing non-optimal response strategies. Here, we tested human participants in a virtual sunburst maze identical to that employed by Tolman. Across three different experiments, we found that participants consistently employed non-optimal response strategies involving either following the encoded route or using the light as a beacon cue. Adding distal boundary cues (Experiment 2) or enhancing idiothetic cues (Experiment 3) led to the same overall results. Our findings suggest participants’ search strategies are often suboptimal when given the opportunity to spontaneously take a short cut. ","Participants consistently use non-optimal navigation strategies in a virtual sunburst maze, regardless of the presence of additional spatial cues."
"Correspondence between rats and humans in the utilization of retrospective and prospective codes","https://scispace.com/paper/correspondence-between-rats-and-humans-in-the-utilization-of-15t6geoyd5","1988","Journal Article","Animal Learning & Behavior","Raymond P. Kesner
Monique J. DeSpain","10.3758/BF03209080","","Rats were presented with 2, 4, 6, 8, or 10 spatial locations on a 12-arm radial maze and on a subsequent test were required to choose between a place previously visited and a novel place. The animals were reinforced for entering the novel spatial location. During learning, animals showed an increase in errors as the number of places to be remembered increased from 2 to 8, indicating the use of a retrospective memory code. These animals also showed a decrease in errors as the number of places to remember increased from 8 to 10, indicating the use of a prospective memory code. In an analogous mnemonic task, college students were presented with 2, 4, 6, 8, 10, 12, or 14 Xs, shown one at a time, marked on a grid of 16 squares. On a subsequent test, the college students were asked to choose between a novel X and one that had appeared previously. Subjects were asked to circle the novel X. On the basis of their verbal reports, the subjects were divided into two groups reflecting different memory coding strategies. The subjects who reported a retrospective coding strategy showed an increase in errors as the list length increased. The subjects who reported a retrospective and prospective strategy showed an initial increase in errors for list lengths of 2 to 8 items followed by a decrease in errors for list lengths of 8 to 14 items. The results are interpreted to reflect a correspondence between animals and humans in the use of coding strategies aimed at facilitating memory performance for long lists of information.","The results are interpreted to reflect a correspondence between animals and humans in the use of coding strategies aimed at facilitating memory performance for long lists of information."
"Reduced Frequency of Knowledge of Results Enhances Acquisition of Skills in Rats as in Humans.","https://scispace.com/paper/reduced-frequency-of-knowledge-of-results-enhances-4pgac2zcvf","2020","Journal Article","Frontiers in Psychology","Alliston K. Reid
Paige G. Bolton Swafford","10.3389/FPSYG.2020.00846","","Macphail’s (1985) null hypothesis challenged researchers to demonstrate any differences in intelligence between vertebrate species. Rather than focus on differences, we asked whether rats would show the same unexpected, counterintuitive features of skill learning observed in humans: Factors that degrade performance during acquisition often enhance performance in a subsequent retention/autonomy phase. Providing post-trial “knowledge of results” (KR) on 30%-67% of trials instead of 100% degrades accuracy, yet increases retention in a subsequent phase without KR. We tested this feature by providing three groups of rats with KR on every trial (100% KR), 67% KR, or 0% KR. We also provided operant feedback in every trial for completing the left-right lever-press skill (food for correct sequences, timeout for all others). In the autonomy phase, we assessed their ability to complete the skill independently—in the absence of differential cues and KR feedback. In agreement with human performance in the autonomy phase, 67% KR yielded higher skill accuracy than providing 100% KR. Also, providing 67% KR improved skill accuracy above that observed with operant feedback alone (0% KR). Rather than degrading performance during acquisition, the 67% KR condition yielded unexpected higher accuracy than the other conditions. Accuracy increased systematically across our extended acquisition phase, which provided each rat with over 3600 trials compared to 20-30 trials for human studies. Providing limited KR promoted skill learning in rats as it does in humans, consistent with the conjecture that both species share common learning processes. Introducing difficulties to rats during training improved their autonomy.","Providing limited KR promoted skill learning in rats as it does in humans, consistent with the conjecture that both species share common learning processes."
"Has the Wheel Turned Full Circle? Fifty Years of Learning Theory, 1946–1996:","https://scispace.com/paper/has-the-wheel-turned-full-circle-fifty-years-of-learning-1w3ftmd4jj","1997","Journal Article","Quarterly Journal of Experimental Psychology","N. J. Mackintosh","10.1080/713755730","","Fifty years ago, learning theory, whose principles were derived from experiments on conditioning in animals, was a central focus of much of experimental psychology. But the cognitive revolution that swept through human experimental psychology in the 1960s, especially when it was taken up by many animal psychologists themselves, seemed to consign traditional learning theory to the scrap heap. Liberation from the shackles of old-fashioned behaviourism, however, should not be bought at the price of dismissing associative learning theory. Suitably modified and extended, associative theory is capable of explaining much of the behavior of animals and of pointing precisely to the ways in which that behaviour is complex. And under some circumstances, at least, the behaviour of people mirrors that of other animals and is equally amenable to an associative analysis.","This paper argued that associative learning theory is capable of explaining much of the behavior of animals and pointing precisely to the ways in which that behaviour is complex, and under some circumstances, at least, the behaviour of people mirrors that of other animals and is equally amenable to associative analysis."
"Do animals have insight, and what is insight anyway?","https://scispace.com/paper/do-animals-have-insight-and-what-is-insight-anyway-1zmu789ses","2012","Journal Article","Canadian Journal of Experimental Psychology","Sara J. Shettleworth","10.1037/A0030674","","We cannot test animals for insight's distinctive phenomenology, the ""aha"" experience, but we can study the processes underlying insightful behaviour, classically described by Kohler as sudden solution of a problem after an impasse. The central question in the study of insightful behaviour in any species is whether it is the product of a distinctive cognitive process, insight. Although some claims for insight in animals confuse it with other problem-solving processes, contemporary research on string pulling and other physical problems, primarily with birds, has uncovered new examples of insightful behaviour and shed light on the role of experience in producing it. New research suggests insightful behaviour can be captured in common laboratory tasks while brain activity is monitored, opening the way to better integration of research on animals with the cognitive neuroscience of human insight.Keywords: insight, comparative cognition, problem solving, animals, learningA chimpanzee gestures fruitlessly toward a banana lying beyond arm's reach. An elephant extends its trunk toward an apple hanging high overhead. When animals are confronted with inaccessible rewards like these, do they ever use insight to solve the problem of getting them? That is, do they seem to suddenly see a solution? This question was central to some of the earliest studies of animal problem solving (Boakes, 1984). It also motivated the seminal work of Kohler (1925/1959) and figured in Thorpe's (1956) discussion of learning in animals, but otherwise the question whether nonhuman species have insight was largely neglected by comparative psychologists for most of the 20th century. One exception was D. O. Hebb (1949), in whose honour this essay is written and whose contributions are discussed later in this article.Recently the study of animal insight has reemerged as part of the burgeoning field of comparative cognition. Contemporary research on many topics in this field such as memory, numerical and spatial cognition, and theory of mind has become seamlessly integrated with theory and data from cognitive neuroscience and human cognitive and developmental psychology (see Shettleworth, 2010a). A good example is in the study of numerical cognition. Parallel experiments with monkeys and children have uncovered common systems for precise assessment of small numbers of items and for approximate representations of large quantities (Cantlon, Piatt, & Brannon, 2009). These same systems are evident in behavioural tests with human adults and in single-cell recordings with monkeys (Nieder & Dehaene, 2009), supporting a view of human numerical competence in which it develops via uniquely human mechanisms from simple core systems shared with other species (Spelke & Lee, 2012). In contrast, with few exceptions (e.g., Call, in press), most current discussions of animal insight almost completely overlook recent literature on human problem-solving. They also tend to give short shrift to explanations of insightful behaviours in terms of basic learning mechanisms. The purpose of this article is to redress this balance and to ask whether doing so suggests new directions for comparative research.The article has three main sections. For a basis from which to compare work with nonhuman animals (henceforth simply animals), we first look at major issues and approaches in current research on human insight. We then turn to the landmarks in 20th century research on animal insight, with particular attention to the work of Kohler (1925/1959) and Epstein (1985). Finally we look at a sample of 21st century studies with diverse species and paradigms that have been claimed to reveal insight.Human Insight: A Brief ReviewLike the problem of the out-of-reach banana or the dangling apple, problems that humans may solve insightfully involve a goal that cannot be reached in the way most subjects try first. Such problems can be as simple as a paper-and-pencil test in which dots in a 3 X 3 array must be joined by four connected straight lines (the ""9 dot"" problem, see Weisberg, 2006). …","New research suggests insightful behaviour can be captured in common laboratory tasks while brain activity is monitored, opening the way to better integration of research on animals with the cognitive neuroscience of human insight."
"Representations of the environment, multiple brain maps, and control systems","https://scispace.com/paper/representations-of-the-environment-multiple-brain-maps-and-zgi9qjs27h","1982","Journal Article","Behavioral and Brain Sciences","Charles M. Butter","10.1017/S0140525X00013960","","We argue that a map is meaningless unless we have a process for using it. Thus, in this paper, we not only offer the world graph as a representation of relationships among situations the animal has encountered and may encounter again, but we also offer algorithms for how the information encoded in the world graph may be used by the animal in determining its behavior. Each node of the graph encodes a recognizable situation in the animal's world, but a given place may well be encoded in a number of different nodes. Nodes not only require algorithms for the recognition of the situation; they store information about drive reduction associated with the encoded situation. We note that the use of graphs as a basis for exploring some search space is well known in artificial intelligence (AI), but we stress the importance of the animal's exploration of its environment for growing the graph, as distinct from the mathematically described potential nodes frequent in AI search spaces. To explore a number of hypotheses about the way information in the world graph is used to guide the animal's movement, we recall a number of classical experiments on maze exploration by animals, and use them to argue for the nonlocal hypothesis (selection of a path does not depend only upon information about the immediate environment of the animal) and the competing nodes hypothesis (more than one drive may enter into the determination of the animal's behavior at any time). An important feature of the model is that it yields exploration and latent learning without the introduction of an exploratory drive. We also note that the performance exhibited by the model appears to be statedependent when the animal operates under high drive levels. The drive-interaction matrix is offered as a subject for future research. We complement the presentation of the world graph model, its drive dynamics, and how these are constrained by experiments on maze behavior, with a brief analysis of maps in the brain. We distinguish egocentric maps which we relate to the many visual systems from allocentric maps. We offer a somewhat unconventional view of short-term and long-term memory. We examine cooperative computation in somatotopically organized networks, relating this to visually guided behavior in the frog, and to the interaction of colliculus and cortex in the control of eye movements. We examine, but do not advocate, the hypothesis that the hippocampus is a cognitive map. We do stress that if it is a cognitive map, it must be seen as a chart of the local neighborhood, rather than the whole atlas; and we note that the cognitive map hypothesis would lead one to expect the region to exhibit activation of place cells before the animal leaves the previous place.",""
"Of rats and people: a select comparative analysis of cue competition, the contents of learning, and retrieval","https://scispace.com/paper/of-rats-and-people-a-select-comparative-analysis-of-cue-3c6svf4oja","2017","","","Juan M. Rosas
A. Matías Gámez
P León Samuel
Gabriel González Tirado
J Byron Nelson","","","Select literature regarding cue competition, the contents of learning, and retrieval processes is summarized to demonstrate parallels and differences between human and nonhuman associative learning. Competition phenomena such as blocking, overshadowing, and relative predictive validity are largely analogous in animal and human learning. In general, strong parallels are found in the associative structures established during learning, as well as in the basic phenomena associated with information retrieval. Some differences arise too, such as retrospective evaluation, which seems easier to observe in human than in nonhuman animals. However, the parallels are sufficient to indicate that the study of learning in animals continues to be relevant to human learning and memory.","Strong parallels are found in the associative structures established during learning, as well as in the basic phenomena associated with information retrieval in human and nonhuman associative learning."
"Insight problem solving and unconscious analytic thought. New lines of research","https://scispace.com/paper/insight-problem-solving-and-unconscious-analytic-thought-new-1bg1tdv9rk","2018","Book Chapter","","Laura Macchi
Veronica Cucchiarini
Laura Caravona
M Bagassi","10.1007/978-3-030-32722-4_8","","Several studies have been interested in explaining which processes underlie the solution of insight problems. Our contribution analyses and compares the main theories on this topic, focusing on two contrasting perspectives: the business-as-usual view (conscious and analytical processes) and the special process view (unconscious automatic associations). Both of these approaches have critical aspects that reveal the complexity of the issue on hand. In our view, the insight problem solution derives from an unconscious analytic thought, where the unconscious process is not merely associative (by chance), but is achieved by a covert thinking process, which includes a relevant, analytic, goal-oriented search.","In this paper, the authors compare the main theories on this topic, focusing on two contrasting perspectives: the business-as-usual view (conscious and analytical processes) and the special process view (unconscious automatic associations)."
"Learning as a General Process with an Emphasis on Data from Feeding Experiments","https://scispace.com/paper/learning-as-a-general-process-with-an-emphasis-on-data-from-3b7ihe43gc","1977","Book Chapter","","Sam Revusky","10.1007/978-1-4757-1299-5_1","","General process approaches to learning presuppose that there are learning processes governed by principles general enough to apply to many species in wide varieties of learning situations. A parade example of a general process approach in action is B. F. Skinner’s teaching-machine method. This is a technology of teaching verbal materials to humans largely based on principles derived from conditioning repetitive feeding behaviors in rats and pigeons. Two leaps of faith are implicit: (1) that one can validly extrapolate from pigeons and rats to humans; (2) that one can validly extrapolate from teaching repetitive feeding behaviors to teaching verbal materials. Although Skinner’s approach is an extreme example, most experimental psychologists during the last century have considered learning to be the study of general processes which underlie a great diversity of phenomena.","General process approaches to learning presuppose that there are learning processes governed by principles general enough to apply to many species in wide varieties of learning situations as discussed by the authors. But general process approaches do not necessarily apply to humans."
"The Experience of Insight Follows Incubation in the Compound Remote Associates Task","https://scispace.com/paper/the-experience-of-insight-follows-incubation-in-the-compound-1bhugwn8ev","2017","Journal Article","Journal of Creative Behavior","Robert G. Morrison
Sean W. McCarthy
John M. Molony","10.1002/JOCB.96","","The phenomenon of insight is frequently characterized by the experience of a sudden and certain solution. Anecdotal accounts suggest that insight frequently occurs after the problem solver has taken some time away from the problem (i.e., incubation). However, the mechanism by which incubation may facilitate insight problem-solving remains unclear. Here, we used compound remote associates problems to explore the likely mechanisms by which incubation may facilitate problem-solving. First, we manipulated problem fixation to explore whether forgetting can explain incubation effects. Second, leveraging previous work linking the experience of insight to unconscious semantic integration, we asked participants to report their experience of insight after each problem solution, including problems solved after a period of distracted incubation. We hypothesized that incubation was not principally important for forgetting but rather frequently causes a shift to a more unconscious semantic integration strategy. Consistent with this we found that initial problem fixation did not predict the improvement in problem-solving after incubation and that participants were more likely to report insight on problems solved after incubation. Our findings suggest that incubation may facilitate insight problem-solving leading to a mind-set shift to a more unconscious problem-solving strategy involving semantic integration.","It is found that initial problem fixation did not predict the improvement in problem-solving after incubation and that participants were more likely to report insight on problems solved after incubations, leading to a mind-set shift to a more unconscious problem-Solving strategy involving semantic integration."
"Graph-Theoretic Confirmation of Restructuring During Insight","https://scispace.com/paper/graph-theoretic-confirmation-of-restructuring-during-insight-1o2cuniqoi","1994","Journal Article","Psychological Science","Francis T. Durso
Cornelia B Rea
Tom Dayton","10.1111/J.1467-9280.1994.TB00637.X","","The “flash of insight” sometimes observed in problem solving and in scientific discovery has been thought to be due to a sudden cognitive restructuring of the problem situation Direct confirmation of restructuring has been difficult without an independent procedure for determining cognitive structure Graph structures were derived from judgments of concept relatedness made by subjects who had an insight and by several groups who either did not or could not have the insight The graphs of the solvers differed from the graphs of subjects who tried and failed, those who listened to the solvers, and those who were given the solution When other subjects in a subsequent experiment repeatedly judged similarity of pairs of concepts, there was evidence that those connections critical to the new cognitive order were targeted long before there was the breathtaking cognitive reorganization","In a subsequent experiment, the authors found evidence that those connections critical to the new cognitive order were targeted long before there was a breathtaking cognitive reorganization, suggesting that these connections were targeted before the reorganization."
"Constraints on access in a problem solving context","https://scispace.com/paper/constraints-on-access-in-a-problem-solving-context-unai2x1j9j","1983","Journal Article","Memory & Cognition","Greg A. Perfetto
John D. Bransford
Jeffery J. Franks","10.3758/BF03197658","","The effects of previously acquired information on a later problem solving task were explored. Prior research has shown that the acquisition of potentially relevant information is not effective for cuing solutions in a later problem solving task unless subjects are informed of the connection. The present research extends these results and demonstrates that the problem solving failure is not due to subjects’ rejecting the potentially relevant information following retrieval. Rather, the apparent failure to appropriately use previous information is a result of uninformed subjects’ inability to spontaneously access such information. Furthermore, the observed access failure is not reversible by simply informing the subjects of the task connection prior to a second trial. Finally, the results indicate that problem solving failure on a later informed trial is a problem-specific phenomenon that does not generalize to new problems. The implications for contemporary episodic memory paradigms and the role of access in learning theory are discussed.","The results indicate that problem solving failure on a later informed trial is a problem-specific phenomenon that does not generalize to new problems."
"Insightful Thinking","https://scispace.com/paper/insightful-thinking-9ovphfyj5o6w","","","","Evridiki Fioratou
Stephen J. Cowley","10.1075/p&c.17.3.04fio","","We trace how cognition arises beyond the skin. Experimental work on insight problem solving is used to examine how external artifacts can be used to reach the goal of assembling a ‘cheap necklace’. Instead of asking how insight occurs ‘in the head’, our participants in Experiment 1 can either draw solution attempts or manipulate real objects (specifically, chain links that make up a necklace). Even though performance with real chain links is significantly more successful than on paper, access to objects does not make this insight problem simple: objects themselves do not shape cognition. This challenges extended mind views. While failure often results from the inappropriate (to the current insight problem) application of hill-climbing, material artifacts can trigger solutions. In Experiment 2, we used ‘open link’ conditions of the concretized problem to prompt participants to act (or think). Solutions arrived via insight, serendipity, or trial-and-error. By investigating how objects are used, we show that they do more than supplement neural events. Rather, participants monitor and anticipate the effects of action (and thinking) within an organism-environment system. By analogy, language too draws on experience of monitoring real-time effects as bodily dynamics play out in a normative and cultural world. In engaging with public language, it is likely that verbal patterns function by constraining anticipatory (action-based) cognitive processes.","This study challenges extended mind views by showing that external artifacts, such as real objects, can facilitate insight problem-solving without simplifying the process, and that participants monitor and anticipate the effects of action within an organism-environment system."
"Animal Metacognition: A Tale of Two Comparative Psychologies","https://scispace.com/paper/animal-metacognition-a-tale-of-two-comparative-psychologies-3oh1i6yz8g","2014","Journal Article","Journal of Comparative Psychology","J. David Smith
Justin J. Couchman
Michael J. Beran","10.1037/A0033105","","A growing literature considers whether animals have capacities that are akin to human metacognition (i. e., humans’ capacity to monitor their states of uncertainty and knowing). Comparative psychologists have approached this question by testing a dolphin, pigeons, rats, monkeys and apes using perception, memory and food-concealment paradigms. As part of this consideration, some associative modelers have attempted to describe animals’ “metacognitive” performances in low-level, associative terms—an important goal if achievable. The authors summarize the empirical and theoretical situation regarding these associative descriptions. The associative descriptions in the animal-metacognition literature fail to encompass important phenomena. The sharp focus on abstract, mathematical associative models creates serious interpretative problems. The authors compare these failed associative descriptions to an alternative theoretical approach within contemporary comparative psychology. The alternative approach has the potential to strengthen comparative psychology as an empirical science and integrate it more fully within the mainstream of experimental psychology and cognitive science.","The authors compare these failed associative descriptions in the animal-metacognition literature with an alternative theoretical approach within contemporary comparative psychology that has the potential to strengthen comparative psychology as an empirical science and integrate it more fully within the mainstream of experimental psychology and cognitive science."
"Dissociable learning processes in comparative psychology.","https://scispace.com/paper/dissociable-learning-processes-in-comparative-psychology-acu0bbz03k","2018","Journal Article","Psychonomic Bulletin & Review","J. David Smith
Barbara A. Church","10.3758/S13423-017-1353-1","","Comparative and cognitive psychologists interpret performance in different ways. Animal researchers invoke a dominant construct of associative learning. Human researchers acknowledge humans’ capacity for explicit-declarative cognition. This article offers a way to bridge a divide that defeats productive cross-talk. We show that animals often challenge the associative-learning construct, and that it does not work to try to stretch the associative-learning construct to encompass these performances. This approach thins and impoverishes that important construct. We describe an alternative approach that restrains the construct of associative learning by giving it a clear operational definition. We apply this approach in several comparative domains to show that different task variants change—in concert—the level of awareness, the declarative nature of knowledge, the dimensional breadth of knowledge, and the brain systems that organize learning. These changes reveal dissociable learning processes that a unitary associative construct cannot explain but a neural-systems framework can explain. These changes define the limit of associative learning and the threshold of explicit cognition. The neural-systems framework can broaden empirical horizons in comparative psychology. It can offer animal models of explicit cognition to cognitive researchers and neuroscientists. It can offer simple behavioral paradigms for exploring explicit cognition to developmental researchers. It can enliven the synergy between human and animal research, promising a productive future for both.","An alternative approach is described that restrains the construct of associative learning by giving it a clear operational definition and applies this approach in several comparative domains to show that different task variants change—in concert—the level of awareness, the declarative nature of knowledge, the dimensional breadth ofknowledge, and the brain systems that organize learning."
"Integration of Processes in the Study of Insight and Innovation","https://scispace.com/paper/integration-of-processes-in-the-study-of-insight-and-32p3q1y2k5","2017","Journal Article","Avant: Journal of the Philosophical-Interdisciplinary Vanguard","Thea Ionescu
Alexandra Marian
Paula Moldovan
Beatrix Perde
Roxana Vescan
Calin Hopsitar
Doris Rogobete
Ligia Suciu","10.26913/80S02017.0111.0014","","Humans are known to be able to solve problems creatively, but how exactly this occurs is still a matter of debate. Insight problem solving is one important way to study creativity in adults, but studies that use this method with preschool children are rare. In this paper, we present two studies: one in which the problem is solved with known objects (participants were preschool children aged 4 to 7 years) and one in which new objects were created (participants were children aged 5 to 6 years and adults). For both studies, results are discussed in relation to the various processes that can explain insight problem solving. We argue that the integration of these processes under the overarching variability–stability–flexibility pattern might be a better way to investigate insight and ultimately to understand innovation.","In this paper, the authors present two studies: one in which the problem is solved with known objects (participants were preschool children aged 4 to 7 years) and another in which new objects were created (children aged 5 to 6 years and adults)."
"Learning Structures: Predictive Representations, Replay, and Generalization","https://scispace.com/paper/learning-structures-predictive-representations-replay-and-4oy1hd7gsh","2020","Journal Article","Current opinion in behavioral sciences","Ida Momennejad","10.1016/J.COBEHA.2020.02.017","","Memory and planning rely on learning the structure of relationships among experiences. Compact representations of these structures guide flexible behavior in humans and animals. A century after ‘latent learning’ experiments summarized by Tolman, the larger puzzle of cognitive maps remains elusive: how does the brain learn and generalize relational structures? This review focuses on a reinforcement learning (RL) approach to learning compact representations of the structure of states. We review evidence showing that capturing structures as predictive representations updated via replay offers a neurally plausible account of human behavior and the neural representations of predictive cognitive maps. We highlight multi-scale successor representations, prioritized replay, and policy-dependence. These advances call for new directions in studying the entanglement of learning and memory with prediction and planning.","Evidence showing that capturing structures as predictive representations updated via replay offers a neurally plausible account of human behavior and the neural representations of predictive cognitive maps is reviewed."
"A trace of memory","https://scispace.com/paper/a-trace-of-memory-1wdzwthxz3","1982","Journal Article","Behavioral and Brain Sciences","D. Nico Spinelli","10.1017/S0140525X00014084","","We argue that a map is meaningless unless we have a process for using it. Thus, in this paper, we not only offer the world graph as a representation of relationships among situations the animal has encountered and may encounter again, but we also offer algorithms for how the information encoded in the world graph may be used by the animal in determining its behavior. Each node of the graph encodes a recognizable situation in the animal's world, but a given place may well be encoded in a number of different nodes. Nodes not only require algorithms for the recognition of the situation; they store information about drive reduction associated with the encoded situation. We note that the use of graphs as a basis for exploring some search space is well known in artificial intelligence (AI), but we stress the importance of the animal's exploration of its environment for growing the graph, as distinct from the mathematically described potential nodes frequent in AI search spaces. To explore a number of hypotheses about the way information in the world graph is used to guide the animal's movement, we recall a number of classical experiments on maze exploration by animals, and use them to argue for the nonlocal hypothesis (selection of a path does not depend only upon information about the immediate environment of the animal) and the competing nodes hypothesis (more than one drive may enter into the determination of the animal's behavior at any time). An important feature of the model is that it yields exploration and latent learning without the introduction of an exploratory drive. We also note that the performance exhibited by the model appears to be statedependent when the animal operates under high drive levels. The drive-interaction matrix is offered as a subject for future research. We complement the presentation of the world graph model, its drive dynamics, and how these are constrained by experiments on maze behavior, with a brief analysis of maps in the brain. We distinguish egocentric maps which we relate to the many visual systems from allocentric maps. We offer a somewhat unconventional view of short-term and long-term memory. We examine cooperative computation in somatotopically organized networks, relating this to visually guided behavior in the frog, and to the interaction of colliculus and cortex in the control of eye movements. We examine, but do not advocate, the hypothesis that the hippocampus is a cognitive map. We do stress that if it is a cognitive map, it must be seen as a chart of the local neighborhood, rather than the whole atlas; and we note that the cognitive map hypothesis would lead one to expect the region to exhibit activation of place cells before the animal leaves the previous place.",""
"Exploratory behavior without novelty drive","https://scispace.com/paper/exploratory-behavior-without-novelty-drive-3g3ophxv0o","1982","Journal Article","Behavioral and Brain Sciences","Arthur I. Karshmer
Derek Partridge
Victor Johnson","10.1017/S0140525X00014011","","We argue that a map is meaningless unless we have a process for using it. Thus, in this paper, we not only offer the world graph as a representation of relationships among situations the animal has encountered and may encounter again, but we also offer algorithms for how the information encoded in the world graph may be used by the animal in determining its behavior. Each node of the graph encodes a recognizable situation in the animal's world, but a given place may well be encoded in a number of different nodes. Nodes not only require algorithms for the recognition of the situation; they store information about drive reduction associated with the encoded situation. We note that the use of graphs as a basis for exploring some search space is well known in artificial intelligence (AI), but we stress the importance of the animal's exploration of its environment for growing the graph, as distinct from the mathematically described potential nodes frequent in AI search spaces. To explore a number of hypotheses about the way information in the world graph is used to guide the animal's movement, we recall a number of classical experiments on maze exploration by animals, and use them to argue for the nonlocal hypothesis (selection of a path does not depend only upon information about the immediate environment of the animal) and the competing nodes hypothesis (more than one drive may enter into the determination of the animal's behavior at any time). An important feature of the model is that it yields exploration and latent learning without the introduction of an exploratory drive. We also note that the performance exhibited by the model appears to be statedependent when the animal operates under high drive levels. The drive-interaction matrix is offered as a subject for future research. We complement the presentation of the world graph model, its drive dynamics, and how these are constrained by experiments on maze behavior, with a brief analysis of maps in the brain. We distinguish egocentric maps which we relate to the many visual systems from allocentric maps. We offer a somewhat unconventional view of short-term and long-term memory. We examine cooperative computation in somatotopically organized networks, relating this to visually guided behavior in the frog, and to the interaction of colliculus and cortex in the control of eye movements. We examine, but do not advocate, the hypothesis that the hippocampus is a cognitive map. We do stress that if it is a cognitive map, it must be seen as a chart of the local neighborhood, rather than the whole atlas; and we note that the cognitive map hypothesis would lead one to expect the region to exhibit activation of place cells before the animal leaves the previous place.",""
"Mental navigation and the neural mechanisms of insight","https://scispace.com/paper/mental-navigation-and-the-neural-mechanisms-of-insight-2bukmprk","2023","Posted Content","","","10.31234/osf.io/d4rz7","","How do new ideas come about? The central hypothesis presented here states that insights happen during mental navigation and correspond to rapid plasticity at the cellular level. We highlight the differences between neocortical and hippocampal mechanisms of insight. We argue that the suddenness of insight can be related to the sudden emergence of place fields in the hippocampus. According to our hypothesis, insights are supported by a state of mind-wandering that can be tied to the process of combining knowledge pieces during sharp-wave ripples. Our framework connects the dots between research on creativity, mental navigation, and specific synaptic plasticity mechanisms in the hippocampus. ","In this article , the authors argue that the suddenness of insight can be related to the sudden emergence of place fields in the hippocampus, and they connect the dots between research on creativity, mental navigation, and specific synaptic plasticity mechanisms."
"A mechanistic approach to individual differences in spatial learning, memory, and navigation","https://scispace.com/paper/a-mechanistic-approach-to-individual-differences-in-spatial-30cxswp54x","2013","Book Chapter","Psychology of Learning and Motivation","Amy L. Shelton
Steven A. Marchette
Andrew J. Furman","10.1016/B978-0-12-407187-2.00006-X","","Navigation is a complex task that depends on the processes of perception, learning, memory, and reasoning to be successful. Given this complexity, it is not surprising that humans (and other species) vary dramatically in their approach and success at navigation. This wide range of abilities has been of great interest to the field of human spatial cognition. In addition, spatial navigation is a cross-species phenomenon that can speak to a variety of learning and memory processes. Therefore, understanding individual differences in this domain can offer a wide range of insights that affect many behaviors in the real world. A cognitive framework that gives precedent to the flexible use of spatial information and explicit or declarative learning processes has driven much of the work on individual differences in navigation in humans. However, animal models of basic learning mechanisms may also offer substantial insight into individual differences in both how well people navigate their surroundings and in the strategies or styles that they bring to bear on the navigational problems. This mechanistic approach may offer a stronger foundation for not only how individual differences might emerge but also how they interact with differences in the environments and goals that drive our need to learn, remember, and navigate in the world.","Animal models of basic learning mechanisms may also offer substantial insight into individual differences in both how well people navigate their surroundings and in the strategies or styles that they bring to bear on the navigational problems."
"Evidence for flexible navigation strategies during spatial learning involving path choices","https://scispace.com/paper/evidence-for-flexible-navigation-strategies-during-spatial-3fd8zuo8","2022","Journal Article","","Stephanie Doner
Jingyi Zheng
Andrew S. McAvan
Michael J. Starrett
Hannah Campbell
Delaney Sanders
Arne D. Ekstrom","10.1080/13875868.2022.2158090","","ABSTRACT In a classic study in 1946, Tolman et al. found that rodents chose the optimal path to a hidden goal location when given the option to take a shortcut. Subsequent studies, though, found mixed results, including a previous study in humans showing non-optimal response strategies. Here, we tested human participants in a virtual sunburst maze identical to that employed by Tolman. Across three different experiments, we found that participants consistently employed non-optimal response strategies involving either following the encoded route or using the light as a beacon cue. Adding distal boundary cues (Experiment 2) or enhancing idiothetic cues (Experiment 3) led to the same overall results. Our findings suggest participants’ search strategies are often suboptimal when given the opportunity to spontaneously take a short cut.","The authors found that participants consistently employed non-optimal response strategies involving either following the encoded route or using the light as a beacon cue in a virtual sunburst maze, while adding distal boundary cues or enhancing idiothetic cues led to the same overall results."
"Problem Solving in Animals: Proposal for an Ontogenetic Perspective","https://scispace.com/paper/problem-solving-in-animals-proposal-for-an-ontogenetic-4sr9qq5bmp","2021","Journal Article","Open Access Journal","Misha K. Rowell
Neville Pillay
Tasmin L. Rymer","10.3390/ANI11030866","","Problem solving, the act of overcoming an obstacle to obtain an incentive, has been studied in a wide variety of taxa, and is often based on simple strategies such as trial-and-error learning, instead of higher-order cognitive processes, such as insight. There are large variations in problem solving abilities between species, populations and individuals, and this variation could arise due to differences in development, and other intrinsic (genetic, neuroendocrine and aging) and extrinsic (environmental) factors. However, experimental studies investigating the ontogeny of problem solving are lacking. Here, we provide a comprehensive review of problem solving from an ontogenetic perspective. The focus is to highlight aspects of problem solving that have been overlooked in the current literature, and highlight why developmental influences of problem-solving ability are particularly important avenues for future investigation. We argue that the ultimate outcome of solving a problem is underpinned by interacting cognitive, physiological and behavioural components, all of which are affected by ontogenetic factors. We emphasise that, due to the large number of confounding ontogenetic influences, an individual-centric approach is important for a full understanding of the development of problem solving.","In this paper, a comprehensive review of the ontogeny of problem-solving from an ontogenetic perspective is presented, highlighting aspects of problem solving that have been overlooked in the current literature, and highlighting why developmental influences of problem solving ability are particularly important avenues for future investigation."
"Curiosity, latent learning, and cognitive maps","https://scispace.com/paper/curiosity-latent-learning-and-cognitive-maps-36dta9gqua","2020","Posted Content","bioRxiv","Maya Zhe Wang
Benjamin Y. Hayden","10.1101/2020.05.31.123380","","Curiosity refers to a desire for information that is not driven by immediate strategic or instrumental concerns. Latent earning refers to a form of learning that is not directly driven by standard reinforcement learning processes. We propose that curiosity serves the purpose of motivating latent learning. Thus, while latent learning is often treated as an incidental or passive process, in practice it most often reflects a strong evolved pressure to consume large amounts of information. That large volume of information in turn allows curious decision makers to generate sophisticated representations of the structure of their environment, known as cognitive maps. Cognitive maps facilitate adaptive and flexible behavior while maintaining its adaptivity and flexibility via map updates based on new information. Here we describe data supporting the idea that orbitofrontal cortex (OFC) and dorsal anterior cingulate cortex (dACC) play complementary roles in curiosity-driven learning. Specifically, we propose that (1) OFC tracks the innate value of information and incorporates new information into a detailed cognitive map; and (2) dACC tracks the environmental demands and information availability to then use the cognitive map for guiding behavior.","Data is described supporting the idea that orbitofrontal cortex and dorsal anterior cingulate cortex play complementary roles in curiosity-driven learning, and it is proposed that OFC tracks the innate value of information and incorporates new information into a detailed cognitive map; and dACC tracks the environmental demands and information availability to then use the cognitive map for guiding behavior."
"Unpacking the navigation toolbox: insights from comparative cognition","https://scispace.com/paper/unpacking-the-navigation-toolbox-insights-from-comparative-2i35y32avg","2024","","","Kate J Jeffery
Ken Cheng
Nora S. Newcombe
Verner P. Bingman
Randolf Menzel","10.1098/rspb.2023.1304","","The study of navigation is informed by ethological data from many species, laboratory investigation at behavioural and neurobiological levels, and computational modelling. However, the data are often species-specific, making it challenging to develop general models of how biology supports behaviour. Wiener et al. outlined a framework for organizing the results across taxa, called the ‘navigation toolbox’ (Wiener et al. In Animal thinking: contemporary issues in comparative cognition (eds R Menzel, J Fischer), pp. 51–76). This framework proposes that spatial cognition is a hierarchical process in which sensory inputs at the lowest level are successively combined into ever-more complex representations, culminating in a metric or quasi-metric internal model of the world (cognitive map). Some animals, notably humans, also use symbolic representations to produce an external representation, such as a verbal description, signpost or map that allows communication of spatial information or instructions between individuals. Recently, new discoveries have extended our understanding of how spatial representations are constructed, highlighting that the hierarchical relationships are bidirectional, with higher levels feeding back to influence lower levels. In the light of these new developments, we revisit the navigation toolbox, elaborate it and incorporate new findings. The toolbox provides a common framework within which the results from different taxa can be described and compared, yielding a more detailed, mechanistic and generalized understanding of navigation.","The toolbox provides a common framework within which the results from different taxa can be described and compared, yielding a more detailed, mechanistic and generalized understanding of navigation."
"Predictive Maps in Rats and Humans for Spatial Navigation","https://scispace.com/paper/predictive-maps-in-rats-and-humans-for-spatial-navigation-5dltzg9dnm","2020","Posted Content","bioRxiv","William de Cothi
Nils Nyberg
Eva-Maria Griesbauer
Carole Ghanamé
Fiona Zisch
Julie M. Lefort
Lydia Fletcher
Charlotte Coco Newton
Sophie Renaudineau
Daniel Bendor
Roddy M. Grieves
Éléonore Duvelle
Caswell Barry
Hugo J. Spiers","10.1101/2020.09.26.314815","","Much of our understanding of navigation has come from the study of rats, humans and simulated artificial agents. To date little attempt has been made to integrate these approaches into a common framework to understand mechanisms that may be shared across mammals and the extent to which different instantiations of agents best capture mammalian navigation behaviour. Here, we report a comparison of rats, humans and reinforcement learning (RL) agents in a novel open-field navigation task (‘Tartarus Maze’) requiring dynamic adaptation (shortcuts and detours) to changing obstructions in the path to the goal. We find humans and rats are remarkably similar in patterns of choice in the task. The patterns in their choices, dwell maps and changes over time reveal that both species show the greatest similarity to RL agents utilising a predictive map: the successor representation. Humans also display trajectory features similar to a model-based RL agent. Our findings have implications for models seeking to explain mammalian navigation in dynamic environments and highlight the utility of modelling the behaviour of different species in the same frame-work in comparison to RL agents to uncover the potential mechanisms used for behaviour.","A novel open-field navigation task (‘Tartarus Maze’) requiring dynamic adaptation to frequently changing obstructions in the path to a hidden goal and humans and rats were remarkably similar in their trajectories."
"What spaces? What subjects?","https://scispace.com/paper/what-spaces-what-subjects-2pjj3n3vhb","1982","Journal Article","Behavioral and Brain Sciences","Jean Pailhous
Patrick Péruch","10.1017/S0140525X00014047","","We argue that a map is meaningless unless we have a process for using it. Thus, in this paper, we not only offer the world graph as a representation of relationships among situations the animal has encountered and may encounter again, but we also offer algorithms for how the information encoded in the world graph may be used by the animal in determining its behavior. Each node of the graph encodes a recognizable situation in the animal's world, but a given place may well be encoded in a number of different nodes. Nodes not only require algorithms for the recognition of the situation; they store information about drive reduction associated with the encoded situation. We note that the use of graphs as a basis for exploring some search space is well known in artificial intelligence (AI), but we stress the importance of the animal's exploration of its environment for growing the graph, as distinct from the mathematically described potential nodes frequent in AI search spaces. To explore a number of hypotheses about the way information in the world graph is used to guide the animal's movement, we recall a number of classical experiments on maze exploration by animals, and use them to argue for the nonlocal hypothesis (selection of a path does not depend only upon information about the immediate environment of the animal) and the competing nodes hypothesis (more than one drive may enter into the determination of the animal's behavior at any time). An important feature of the model is that it yields exploration and latent learning without the introduction of an exploratory drive. We also note that the performance exhibited by the model appears to be statedependent when the animal operates under high drive levels. The drive-interaction matrix is offered as a subject for future research. We complement the presentation of the world graph model, its drive dynamics, and how these are constrained by experiments on maze behavior, with a brief analysis of maps in the brain. We distinguish egocentric maps which we relate to the many visual systems from allocentric maps. We offer a somewhat unconventional view of short-term and long-term memory. We examine cooperative computation in somatotopically organized networks, relating this to visually guided behavior in the frog, and to the interaction of colliculus and cortex in the control of eye movements. We examine, but do not advocate, the hypothesis that the hippocampus is a cognitive map. We do stress that if it is a cognitive map, it must be seen as a chart of the local neighborhood, rather than the whole atlas; and we note that the cognitive map hypothesis would lead one to expect the region to exhibit activation of place cells before the animal leaves the previous place.",""
"Waves of Insight","https://scispace.com/paper/waves-of-insight-504tqybjvt","2024","Book Chapter","","Christine Chesebrough
Carola Salvi
Mark Beeman
Yongtaek Oh
John Kounios","10.1017/9781009244244.011","","Perspectives on how to define, operationalize, and measure insight have evolved due to developments in theory, methodology, and technology. Research on insight can be broken into several waves. In the first wave, Gestalt psychologists introduced the concept of insight as a discontinuous form of learning and problem solving that arises from changes in one's global representation of a problem, in opposition to contemporary associationist views. In the second wave, psychologists examined insight in deliberate contrast with analytical problem-solving and found that insight involves nonreportable mental operations leading to a discrete, all-or-none availability of representational change. In the third wave, thanks to advances in behavioral methods and neuroimaging technology, cognitive neuroscientists began to examine how insight occurs in the brain with the goal of studying the neural states that co-occur with and precede insight to better understand its cognitive mechanisms. The advances made during these initial waves enabled the proliferation of research on insight over recent decades and inspired new discoveries. This chapter provides a brief retrospective on the first two waves of insight research and a more in-depth overview of the third wave of research on the cognitive neuroscience of insight, and ends by discussing current and future directions in insight research ","Waves of Insight research have explored the cognitive mechanisms underlying insight, including changes in representation, nonreportable mental operations, and neural states."
"Unveiling the Aha! moment: a computational account of insight in active inference","https://scispace.com/paper/unveiling-the-aha-moment-a-computational-account-of-insight-xs3banq8zel0","2025","Journal Article","","Youssef Doulfoukar
Giovanni Pezzulo
Hans Stuyck","10.31234/osf.io/3nasx_v1","","Insight, also referred to as the “Aha!” moment, is a distinctive cognitive phenomenon in which an idea or solution to a problem suddenly emerges into consciousness. Although extensively described in the literature, the nature of its distinctive cognitive and affective mechanisms is still poorly understood. In this paper, we formalize a computational approach to insight grounded in the active inference framework. By modeling insight as Bayesian model reduction in a modified Wisconsin Card Sorting Task, we succeed in simulating its distinct affective signature (i.e., its discontinuous nature and burst of confidence) in an artificial agent. In light of those simulations, we regard restructuring as Bayesian model reduction and impasse as a transient state of heightened uncertainty over possible actions. Finally, we propose that, during problem-solving, one regularly engages in phases of (generative) replay to generate and evaluate alternative models for subsequent model reduction. ","This study formalizes a computational approach to insight using active inference, simulating its affective signature in a modified Wisconsin Card Sorting Task, and proposes that insight involves Bayesian model reduction and generative replay during problem-solving."
"Acquisition of spatial information and choice of behavior in humans and animals","https://scispace.com/paper/acquisition-of-spatial-information-and-choice-of-behavior-in-77f0puvsil","2019","Journal Article","Japanese Journal of Animal Psychology","Katsuo Sekiguchi
Tomokazu Ushitani
Kosuke Sawa","10.2502/JANIP.69.2.1","","We review use of multiple landmarks in navigational behavior by humans and nonhuman animals focusing on three important aspects of spatial learning and cognition: Cognitive map, spatial integration, and configuration of multiple landmarks. Animals use multiple strategies for spatial navigation rather than a single strategy and flexibly choose an appropriate strategy in accordance with each environmental condition. Concerning the goal searching in humans, for example, whether it is based on information from multiple landmarks or from just one landmark would depend on the salience of the landmarks. Our conclusion is that it is more important what strategies or spatial information animals choose under what conditions than whether or not they have and use the strategies.","It is more important what strategies or spatial information animals choose under what conditions than whether or not they have and use the strategies, according to each environmental condition."
"Toward an integrated theory of insight in problem solving","https://scispace.com/paper/toward-an-integrated-theory-of-insight-in-problem-solving-3uzyy8xu77","2015","Journal Article","Thinking & Reasoning","Robert W. Weisberg","10.1080/13546783.2014.886625","","The study of insight in problem solving and creative thinking has seen an upsurge of interest in the last 30 years. Current theorising concerning insight has taken one of two tacks. The special-process view, which grew out of the Gestalt psychologists’ theorising about insight, proposes that insight is the result of a dedicated set of processes (the “insight sequence”) that is activated by the individual's reaching impasse while trying to deal with a problematic situation. In contrast, the business-as-usual view argues that insight is brought about by the same processes that underlie ordinary thinking (analytic thinking). Although those two views are typically treated as being in opposition, it has recently been proposed that a complete understanding of insight will require bringing together aspects of both views. The present paper carries that proposal further. Critical analysis of those two viewpoints demonstrates that each has a positive contribution to make to our understanding of insight, but also is...","In contrast, the business-as-usual view argues that insight is brought about by the same processes that underlie ordinary thinking (analytic thinking), and it has recently been proposed that a complete understanding of insight will require bringing together aspects of both views."
"Capturing 'Aha!' moments of puzzle problems using pupillary responses and blinks","https://scispace.com/paper/capturing-aha-moments-of-puzzle-problems-using-pupillary-3rxz4eao9w","2009","","","Tsunhin John Wong","","","Inspired by the design of Metcalfe and Wiebe (1987), this study is a quest for more fine-grained measures of the differences between insight problem solving and non-insight problem solving at the moment of an 'Aha!'. We avoided asking for metacognitive reports that have been shown to disturb insight problem solving (Schooler, Olsson, & Brooks, 1993), and made use of routine (non-insight) problems of a very similar task nature to compare with the performance, eye-related physiological measures, and subjective ratings of participants on their solving of puzzle (insight) problems. We found that puzzle problems and routine problems led to different pupillary dilations with perception of the tasks and mood as possible mediators of the effect. Profiles of pupillary responses and blinks are found to be indicators that depict characteristics of the task nature when a person is unable to predict his/her own problem solving performance on an insight problem. We also found that discontinuity and restructuring are possibly more important in characterizing an insight problem solving event. Third, instead of the traditional sharp and abrupt but indistinct characterization of the insight moment, our data suggested that an insight is possibly an emerging moment of a sense of clarity about the solution which takes time before the time of an 'Aha!' solution declaration, which converges with some of the claims made according to records of historical scientific discoveries (Gruber, 1995).","In this article, the differences between insight problem solving and non-insight problem solving at the moment of an 'Aha!' were investigated, and it was found that non-insight problems led to different pupillary dilations with perception of the tasks and mood as possible mediators of the effect."
"Unraveling the key to innovative problem solving: a test of learning versus persistence","https://scispace.com/paper/unraveling-the-key-to-innovative-problem-solving-a-test-of-bmshfe922c","2016","Journal Article","Behavioral Ecology","David Guez
Andrea S. Griffin","10.1093/BEHECO/ARW055","","The possibility that variation in the propensity to forage innovatively is attributable to variation in cognition is a matter of debate. Motor flexibility and persistence offer alternative viewpoints. The present study used a computational model to evaluate the relative contribution of these mechanisms to the innovation process. We modeled the effects of low and high motor flexibility on problem-solving performance, which provided a baseline against which to examine how performance changed when combined with operant learning or persistence. We titrated our models through a wide range of parameter values in order to explore where in the outcome space biologically meaningful effect sizes are likely to be detected. The baseline model accurately reproduced an enhancement of performance when relative frequencies of motor expression were balanced (high motor flexibility) rather than skewed (low motor flexibility). Operant learning enhanced performance, but only when agents persisted until they solved and only when motor flexibility was low. In scenarios where agents gave up even if they had not solved, persistence in response to occurrence of secondary cues improved problem solving in both motor flexible and motor inflexible individuals. In scenarios, where the benefits of persistence and learning were compared directly, the benefits of persisting were typically equal, if not greater than those of learning. Given the high metabolic cost of neural tissue, our simulations predict that selection for enhanced problem solving should select for processes that increase persistence (e.g., personality changes) rather than learning.","Modeling the effects of low and high motor flexibility on problem-solving performance provided a baseline against which to examine how performance changed when combined with operant learning or persistence, and predicted that selection for enhanced problem solving should select for processes that increase persistence rather than learning."
"Learning by Mapping Across Situations","https://scispace.com/paper/learning-by-mapping-across-situations-34nhfrogoo","2012","Journal Article","The Journal of the Learning Sciences","Stephen K. Reed","10.1080/10508406.2011.607007","","Many types of learning require the mapping of information across situations. The proposed organizational framework extends the cognitive study of mappings across problems to include mappings across representations, solutions, and sociocultural contexts. I apply one-to-one, one-to-many, and partial mappings to analyze representative cases that include ones studied within alternative frameworks that have extended the cognitive approach. My objective is to support readers in reflecting on how mappings influence learning through asking new questions and providing an approach for answering those questions.","This paper proposed an organizational framework that extends the cognitive study of mapping across problems to include mappings across representations, solutions, and sociocultural contexts, and apply one-to-one, oneto-many, and partial mappings to analyze representative cases that include ones studied within alternative frameworks."
"Once more with feeling: Normative data for the aha experience in insight and noninsight problems","https://scispace.com/paper/once-more-with-feeling-normative-data-for-the-aha-experience-512pqny51r","2018","Journal Article","Behavior Research Methods","Margaret E. Webb
Daniel R. Little
Simon J. Cropper","10.3758/S13428-017-0972-9","","Despite the presumed ability of insight problems to elicit the subjective feeling of insight, as well as the use of so-called insight problems to investigate this phenomenon for over 100 years, no research has collected normative data regarding the ability of insight problems to actually elicit the feeling of insight in a given individual. The work described in this article provides an overview of both classic and contemporary problems used to examine the construct of insight and presents normative data on the success rate, mean time to solution, and mean rating of aha experience for each problem and task type. We suggest using these data in future work as a reference for selecting problems on the basis of their ability to elicit an aha experience.","An overview of both classic and contemporary problems used to examine the construct of insight is provided and normative data on the success rate, mean time to solution, and mean rating of aha experience for each problem and task type is presented."
"Pathfinding in the cognitive map: Network models of mechanisms for search and planning","https://scispace.com/paper/pathfinding-in-the-cognitive-map-network-models-of-4d7lj5stej","2013","Journal Article","Biologically Inspired Cognitive Architectures","Shane T. Mueller
Brandon S. Perelman
Benjamin Simpkins","10.1016/J.BICA.2013.05.002","","The hippocampus has long been thought to be critical in learning and representing the cognitive map, and thus support functions such as search, pathfinding and route planning This work aims to demonstrate the utility of hippocampus-based neural networks in modeling human search task behavior Human solutions to pathfinding problems are generally fast but approximate, in contrast to traditional AI approaches In this paper, we report data on a human search task, and then examine a set of models, based upon the structure of the hippocampus, which use a goal scent mechanism similar to the optimal pathfinding algorithms used in artificial intelligence systems We compare five distinct search models, and conclude that a goal scent model driven by multiple goals spread throughout the search space provides the best and most accurate account of the human data This research suggests a convergence in traditional AI and biologically-inspired approaches to pathfinding that may be mutually beneficial","A goal scent model driven by multiple goals spread throughout the search space provides the best and most accurate account of the human data and suggests a convergence in traditional AI and biologically-inspired approaches to pathfinding that may be mutually beneficial."
"Insight: Developing Creative Thinkers with Ahas and Uh-Ohs?","https://scispace.com/paper/insight-developing-creative-thinkers-with-ahas-and-uh-ohs-3lfl3vj9","2022","Book Chapter","","Gillian Hill","10.4324/9781003233923-10","","Ideas and knowledge that arrive through insight moments offer the promise of “added value” by being better remembered, seeing a new understanding unfold from the moment, and potentially providing motivation for students to seek out and persevere with future problem-solving. We could adapt some of the tasks and approaches that research psychologists have used to elicit insight in the laboratory – for example, word puzzles, tabletop games, and magic trick-solving. These may be useful to give low-stakes experiences that students can then apply and reflect on in solving opportunities afforded in class. ","This paper adapted some of the tasks and approaches that research psychologists have used to elicit insight in the laboratory, such as word puzzles, tabletop games, and magic trick-solving, to give low-stakes experiences that students can then apply and reflect on in solving opportunities afforded in class."
"Disentangling learning from knowing: Does associative learning ability underlie performances on cognitive test batteries?","https://scispace.com/paper/disentangling-learning-from-knowing-does-associative-2l3lkfxee8","2017","Journal Article","Behavioral and Brain Sciences","Jayden O. van Horik
Stephen E. G. Lea","10.1017/S0140525X16001795","","Are the mechanisms underlying variations in the performance of animals on cognitive test batteries analogous to those of humans? Differences might result from procedural inconsistencies in test battery design, but also from differences in how animals and humans solve cognitive problems. We suggest differentiating associative-based (learning) from rule-based (knowing) tasks to further our understanding of cognitive evolution across species.","It is suggested differentiating associative-based (learning) from rule- based (knowing) tasks to further the understanding of cognitive evolution across species."
"Looking for nodes and edges","https://scispace.com/paper/looking-for-nodes-and-edges-r06y5kyqdn","1982","Journal Article","Behavioral and Brain Sciences","Arnold Trehub","10.1017/S0140525X00014096","",": We argue that a map is meaningless unless we have a process for using it. Thus, in this paper, we not only offer the world graph as a representation of relationships among situations the animal has encountered and may encounter again, but we also offer algorithms for how the information encoded in the world graph may be used by the animal in determining its behavior. Each node of the graph encodes a recognizable situation in the animal's world, but a given place may well be encoded in a number of different nodes. Nodes not only require algorithms for the recognition of the situation; they store information about drive reduction associated with the encoded situation. We note that the use of graphs as a basis for exploring some search space is well known in artificial intelligence (AI), but we stress the importance of the animal's exploration of its environment for growing the graph, as distinct from the mathematically described potential nodes frequent in AI search spaces. To explore a number of hypotheses about the way information in the world graph is used to guide the animal's movement, we recall a number of classical experiments on maze exploration by animals, and use them to argue for the nonlocal hypothesis (selection of a path does not depend only upon information about the immediate environment of the animal) and the competing nodes hypothesis (more than one drive may enter into the determination of the animal's behavior at any time). An important feature of the model is that it yields exploration and latent learning without the introduction of an exploratory drive. We also note that the performance exhibited by the model appears to be state-dependent when the animal operates under high drive levels. The drive-interaction matrix is offered as a subject for future research. We complement the presentation of the world graph model, its drive dynamics, and how these are constrained by experiments on maze behavior, with a brief analysis of maps in the brain. We distinguish egocentric maps - which we relate to the many visual systems - from allocentric maps. We offer a somewhat unconventional view of short-term and long-term memory. We examine cooperative computation in somatotopically organized networks, relating this to visually guided behavior in the frog, and to the interaction of colliculus and cortex in the control of eye movements. We examine, but do not advocate, the hypothesis that the hippocampus is a cognitive map. We do stress that if it is a cognitive map, it must be seen as a chart of the local neighborhood, rather than the whole atlas; and we note that the cognitive map hypothesis would lead one to expect the region to exhibit activation of place cells before the animal leaves the previous place.","This paper offers the world graph as a representation of relationships among situations the animal has encountered and may encounter again, but also offers algorithms for how the information encoded in the world graph may be used by the animal in determining its behavior."
"Prioritizing the new: Insight creates set for familiar problems","https://scispace.com/paper/prioritizing-the-new-insight-creates-set-for-familiar-5fu9veeexd","2003","","","Michael Öllinger
Günther Knoblich","","","The present study sought to determine whether finding new solutions to problems after changing the initial representation of them (“insightful” solutions), create a set for familiar solutions to similar problems. To this end, problem solvers worked on a number of set problems that required them to repeatedly carry out new moves that were only available after they had changed their initial representation of the problem. The results demonstrated that this manipulation made it harder to solve similar problems having familiar solutions. This effect was especially strong, when the same new move was carried out repeatedly. This might suggest that newly discovered moves are “prioritized” relative to familiar moves. Such a prioritizing might serve to enhance the availability of new solutions to problems.","The results demonstrated that manipulation made it harder to solve similar problems having familiar solutions, when the same new move was carried out repeatedly, which might suggest that newly discovered moves are “prioritized” relative to familiar moves."
"Unveiling the Aha! moment: a computational account of insight in active inference","https://scispace.com/paper/unveiling-the-aha-moment-a-computational-account-of-insight-000ttfo7k9pw","2025","Journal Article","","Youssef Doulfoukar
Giovanni Pezzulo
Hans Stuyck","10.31219/osf.io/2z8f4_v1","","Insight, also referred to as the “Aha!” moment, is a distinctive cognitive phenomenon in which an idea or solution to a problem suddenly emerges into consciousness. Although extensively described in the literature, the nature of its distinctive cognitive and affective mechanisms is still poorly understood. In this paper, we formalize a computational approach to insight grounded in the active inference framework. By modeling insight as Bayesian model reduction in a modified Wisconsin Card Sorting Task, we succeed in simulating its distinct affective signature (i.e., its discontinuous nature and burst of confidence) in an artificial agent. In light of those simulations, we regard restructuring as Bayesian model reduction and impasse as a transient state of heightened uncertainty over possible actions. Finally, we propose that, during problem-solving, one regularly engages in phases of (generative) replay to generate and evaluate alternative models for subsequent model reduction. ","This study formalizes a computational approach to insight, modeling it as Bayesian model reduction in a modified Wisconsin Card Sorting Task, and simulates its distinct affective signature, proposing a framework for understanding insight's cognitive and affective mechanisms."
"The Self-Organization of Insight: Entropy and Power Laws in Problem Solving","https://scispace.com/paper/the-self-organization-of-insight-entropy-and-power-laws-in-3nuymos8d9","2009","Journal Article","","Damian G. Stephen
James A. Dixon","10.7771/1932-6246.1043","","Explaining emergent structure remains a challenge for all areas of cognitive science, and problem solving is no exception. The modern study of insight has drawn attention to the issue of emergent cognitive structure in problem solving research. We propose that the explanation of insight is beyond the scope of conventional approaches to cognitive science in terms of symbolic representation. Cognition may be better described in terms of an open, nonlinear dynamical system. By this reasoning, insight would be the self-organization of novel structure. Self-organization is a well-studied phenomenon of dynamical systems theory, associated with specific trends in entropy and power-law behavior. We present work using nonlinear dynamics to capture these trends in entropy and power-law behavior and thus to predict the self-organization of novel cognitive structure in a problem-solving task. Future explorations of problem solving will benefit from considerations of the continuous nonlinear interactions among action, cognition, and the environment.","This work presents work using nonlinear dynamics to capture trends in entropy and power-law behavior and thus to predict the self-organization of novel cognitive structure in a problem-solving task."
"Testing two cognitive theories of insight.","https://scispace.com/paper/testing-two-cognitive-theories-of-insight-1bz0b3s0di","2003","Journal Article","Journal of Experimental Psychology: Learning, Memory and Cognition","Gary Jones","10.1037/0278-7393.29.5.1017","","Insight in problem solving occurs when the problem solver fails to see how to solve a problem and then-""aha!""-there is a sudden realization how to solve it. Two contemporary theories have been proposed to explain insight. The representational change theory (e.g., G. Knoblich, S. Ohlsson, & G. E. Rainey, 2001) proposes that insight occurs through relaxing self-imposed constraints on a problem and by decomposing chunked items in the problem. The progress monitoring theory (e.g., J. N. MacGregor, T. C. Ormerod, & E. P. Chronicle, 2001) proposes that insight is only sought once it becomes apparent that the distance to the goal is unachievable in the moves remaining. These 2 theories are tested in an unlimited move problem, to which neither theory has previously been applied. The results lend support to both, but experimental manipulations to the problem suggest that the representational change theory is the better indicator of performance. The findings suggest that testable opposing predictions can be made to examine theories of insight and that the use of eye movement data is a fruitful method of both examining insight and testing theories of insight.","The findings suggest that testable opposing predictions can be made to examine theory of insight and that the use of eye movement data is a fruitful method of both examining insight and testing theories of insight."
"Multiple representations of space underlying behavior","https://scispace.com/paper/multiple-representations-of-space-underlying-behavior-2jon1ejmv5","1982","Journal Article","Behavioral and Brain Sciences","Israel Lieblich
Michael A. Arbib","10.1017/S0140525X00013959","","We argue that a map is meaningless unless we have a process for using it. Thus, in this paper, we not only offer the world graph as a representation of relationships among situations the animal has encountered and may encounter again, but we also offer algorithms for how the information encoded in the world graph may be used by the animal in determining its behavior. Each node of the graph encodes a recognizable situation in the animal's world, but a given place may well be encoded in a number of different nodes. Nodes not only require algorithms for the recognition of the situation; they store information about drive reduction associated with the encoded situation. We note that the use of graphs as a basis for exploring some search space is well known in artificial intelligence (AI), but we stress the importance of the animal's exploration of its environment for growing the graph, as distinct from the mathematically described potential nodes frequent in AI search spaces. To explore a number of hypotheses about the way information in the world graph is used to guide the animal's movement, we recall a number of classical experiments on maze exploration by animals, and use them to argue for the nonlocal hypothesis (selection of a path does not depend only upon information about the immediate environment of the animal) and the competing nodes hypothesis (more than one drive may enter into the determination of the animal's behavior at any time). An important feature of the model is that it yields exploration and latent learning without the introduction of an exploratory drive. We also note that the performance exhibited by the model appears to be state-dependent when the animal operates under high drive levels. The drive-interaction matrix is offered as a subject for future research.We complement the presentation of the world graph model, its drive dynamics, and how these are constrained by experiments on maze behavior, with a brief analysis of maps in the brain. We distinguish egocentric maps–which we relate to the many visual systems–from allocentric maps. We offer a somewhat unconventional view of short-term and long-term memory. We examine cooperative computation in somatotopically organized networks, relating this to visually guided behavior in the frog, and to the interaction of colliculus and cortex in the control of eye movements. We examine, but do not advocate, the hypothesis that the hippocampus is a cognitive map. We do stress that if it is a cognitive map, it must be seen as a chart of the local neighborhood, rather than the whole atlas; and we note that the cognitive map hypothesis would lead one to expect the region to exhibit activation of place cells before the animal leaves the previous place.","The world graph model is offered as a representation of relationships among situations the animal has encountered and may encounter again, and algorithms for how the information encoded in the world graph may be used by the animal in determining its behavior are offered."
"An integrated perspective on insight","https://scispace.com/paper/an-integrated-perspective-on-insight-2g8ib2tbri","2016","Journal Article","Journal of Experimental Psychology: General","Øyvind Lund Martinsen
Adrian Furnham
Thorvald Haerem","10.1037/XGE0000208","","The present study on insight is based on an integration of Kaplan and Simon's (1990) information processing theory of insight, a cognitive style theory, and achievement motivation theory. The style theory is the Assimilator (rule oriented, familiarity seeking)-Explorer (novelty seeking, explorative) styles (Kaufmann, 1979). Our hypothesis is that the effectiveness of 2 types of search constraints (prior experience and solution hints) for solving insight problems is moderated by both cognitive style and achievement needs, and depending on optimal levels of achievement motivation for different task conditions. We tested the hypothesis in a randomized experiment in which 3 levels of achievement needs and 1 type of search constraint (solution hints were available or not available) were experimentally manipulated. In addition, participants completed a cognitive style test, a measure of prior problem-solving experience (the second type of search constraint), and controls for intelligence. There were 476 participants (the mean age was 18.4 years). Results revealed 2 similar and significant 3-way interactions between styles, achievement needs, and the 2 types of search constraints. The pattern of interaction supported the idea that stylistic competence for the task characteristics (with and without search constraints available), when combined with manipulated achievement needs, predicted performance in counterintuitive ways but in line with the classic achievement motivation theory. With appropriate stylistic competence for the task characteristics elevated achievement needs led to poorer performance. With less appropriate stylistic competence, performance improved with increasing motivation. Implications for information processing theory are discussed. (PsycINFO Database Record","The hypothesis is that the effectiveness of 2 types of search constraints for solving insight problems is moderated by both cognitive style and achievement needs, and depending on optimal levels of achievement motivation for different task conditions, which is supported in a randomized experiment."